center,left,right,steering,throttle,brake,speed
IMG\center_2025_07_28_14_41_20_971.jpg,IMG\left_2025_07_28_14_41_20_971.jpg,IMG\right_2025_07_28_14_41_20_971.jpg,0.0,0.0,0,6.93e-06
IMG\center_2025_07_28_14_41_21_066.jpg,IMG\left_2025_07_28_14_41_21_066.jpg,IMG\right_2025_07_28_14_41_21_066.jpg,0.0,0.0,0,5.41e-06
IMG\center_2025_07_28_14_41_21_171.jpg,IMG\left_2025_07_28_14_41_21_171.jpg,IMG\right_2025_07_28_14_41_21_171.jpg,0.0,0.3090951,0,0.2842887
IMG\center_2025_07_28_14_41_21_261.jpg,IMG\left_2025_07_28_14_41_21_261.jpg,IMG\right_2025_07_28_14_41_21_261.jpg,0.0,0.5676963,0,0.7634251
IMG\center_2025_07_28_14_41_21_356.jpg,IMG\left_2025_07_28_14_41_21_356.jpg,IMG\right_2025_07_28_14_41_21_356.jpg,0.0,0.850592,0,1.620052
IMG\center_2025_07_28_14_41_21_451.jpg,IMG\left_2025_07_28_14_41_21_451.jpg,IMG\right_2025_07_28_14_41_21_451.jpg,0.0,1.0,0,2.800118
IMG\center_2025_07_28_14_41_21_539.jpg,IMG\left_2025_07_28_14_41_21_539.jpg,IMG\right_2025_07_28_14_41_21_539.jpg,0.0,1.0,0,3.972148
IMG\center_2025_07_28_14_41_21_633.jpg,IMG\left_2025_07_28_14_41_21_633.jpg,IMG\right_2025_07_28_14_41_21_633.jpg,0.0,1.0,0,4.906226
IMG\center_2025_07_28_14_41_21_730.jpg,IMG\left_2025_07_28_14_41_21_730.jpg,IMG\right_2025_07_28_14_41_21_730.jpg,0.0,1.0,0,6.063168
IMG\center_2025_07_28_14_41_21_824.jpg,IMG\left_2025_07_28_14_41_21_824.jpg,IMG\right_2025_07_28_14_41_21_824.jpg,0.0,1.0,0,7.208923
IMG\center_2025_07_28_14_41_21_920.jpg,IMG\left_2025_07_28_14_41_21_920.jpg,IMG\right_2025_07_28_14_41_21_920.jpg,0.0,1.0,0,8.343558
IMG\center_2025_07_28_14_41_22_013.jpg,IMG\left_2025_07_28_14_41_22_013.jpg,IMG\right_2025_07_28_14_41_22_013.jpg,-0.1,1.0,0,9.241084
IMG\center_2025_07_28_14_41_22_109.jpg,IMG\left_2025_07_28_14_41_22_109.jpg,IMG\right_2025_07_28_14_41_22_109.jpg,-0.35,1.0,0,10.32053
IMG\center_2025_07_28_14_41_22_205.jpg,IMG\left_2025_07_28_14_41_22_205.jpg,IMG\right_2025_07_28_14_41_22_205.jpg,-0.6000001,1.0,0,11.33963
IMG\center_2025_07_28_14_41_22_300.jpg,IMG\left_2025_07_28_14_41_22_300.jpg,IMG\right_2025_07_28_14_41_22_300.jpg,0.0,1.0,0,12.51752
IMG\center_2025_07_28_14_41_22_402.jpg,IMG\left_2025_07_28_14_41_22_402.jpg,IMG\right_2025_07_28_14_41_22_402.jpg,0.0,0.8522974,0,13.19128
IMG\center_2025_07_28_14_41_22_491.jpg,IMG\left_2025_07_28_14_41_22_491.jpg,IMG\right_2025_07_28_14_41_22_491.jpg,0.0,0.568105,0,13.60828
IMG\center_2025_07_28_14_41_22_594.jpg,IMG\left_2025_07_28_14_41_22_594.jpg,IMG\right_2025_07_28_14_41_22_594.jpg,-0.25,0.8600978,0,14.61508
IMG\center_2025_07_28_14_41_22_687.jpg,IMG\left_2025_07_28_14_41_22_687.jpg,IMG\right_2025_07_28_14_41_22_687.jpg,-0.5000001,1.0,0,15.60577
IMG\center_2025_07_28_14_41_22_783.jpg,IMG\left_2025_07_28_14_41_22_783.jpg,IMG\right_2025_07_28_14_41_22_783.jpg,0.0,1.0,0,16.51065
IMG\center_2025_07_28_14_41_22_880.jpg,IMG\left_2025_07_28_14_41_22_880.jpg,IMG\right_2025_07_28_14_41_22_880.jpg,0.0,1.0,0,17.70406
IMG\center_2025_07_28_14_41_22_978.jpg,IMG\left_2025_07_28_14_41_22_978.jpg,IMG\right_2025_07_28_14_41_22_978.jpg,-0.2,1.0,0,18.51978
IMG\center_2025_07_28_14_41_23_075.jpg,IMG\left_2025_07_28_14_41_23_075.jpg,IMG\right_2025_07_28_14_41_23_075.jpg,0.0,1.0,0,19.35058
IMG\center_2025_07_28_14_41_23_172.jpg,IMG\left_2025_07_28_14_41_23_172.jpg,IMG\right_2025_07_28_14_41_23_172.jpg,0.0,1.0,0,20.4764
IMG\center_2025_07_28_14_41_23_269.jpg,IMG\left_2025_07_28_14_41_23_269.jpg,IMG\right_2025_07_28_14_41_23_269.jpg,0.0,1.0,0,21.39916
IMG\center_2025_07_28_14_41_23_364.jpg,IMG\left_2025_07_28_14_41_23_364.jpg,IMG\right_2025_07_28_14_41_23_364.jpg,-0.15,1.0,0,22.4331
IMG\center_2025_07_28_14_41_23_458.jpg,IMG\left_2025_07_28_14_41_23_458.jpg,IMG\right_2025_07_28_14_41_23_458.jpg,-0.35,1.0,0,23.15383
IMG\center_2025_07_28_14_41_23_553.jpg,IMG\left_2025_07_28_14_41_23_553.jpg,IMG\right_2025_07_28_14_41_23_553.jpg,-0.6000001,1.0,0,23.9415
IMG\center_2025_07_28_14_41_23_648.jpg,IMG\left_2025_07_28_14_41_23_648.jpg,IMG\right_2025_07_28_14_41_23_648.jpg,0.0,1.0,0,24.70368
IMG\center_2025_07_28_14_41_23_745.jpg,IMG\left_2025_07_28_14_41_23_745.jpg,IMG\right_2025_07_28_14_41_23_745.jpg,0.0,1.0,0,25.61617
IMG\center_2025_07_28_14_41_23_840.jpg,IMG\left_2025_07_28_14_41_23_840.jpg,IMG\right_2025_07_28_14_41_23_840.jpg,-0.15,1.0,0,26.55917
IMG\center_2025_07_28_14_41_23_933.jpg,IMG\left_2025_07_28_14_41_23_933.jpg,IMG\right_2025_07_28_14_41_23_933.jpg,-0.35,1.0,0,27.26576
IMG\center_2025_07_28_14_41_24_030.jpg,IMG\left_2025_07_28_14_41_24_030.jpg,IMG\right_2025_07_28_14_41_24_030.jpg,0.0,1.0,0,28.09059
IMG\center_2025_07_28_14_41_24_126.jpg,IMG\left_2025_07_28_14_41_24_126.jpg,IMG\right_2025_07_28_14_41_24_126.jpg,0.0,1.0,0,29.00354
IMG\center_2025_07_28_14_41_24_220.jpg,IMG\left_2025_07_28_14_41_24_220.jpg,IMG\right_2025_07_28_14_41_24_220.jpg,0.0,1.0,0,29.91878
IMG\center_2025_07_28_14_41_24_314.jpg,IMG\left_2025_07_28_14_41_24_314.jpg,IMG\right_2025_07_28_14_41_24_314.jpg,0.0,1.0,0,30.18975
IMG\center_2025_07_28_14_41_24_408.jpg,IMG\left_2025_07_28_14_41_24_408.jpg,IMG\right_2025_07_28_14_41_24_408.jpg,-0.25,1.0,0,30.17874
IMG\center_2025_07_28_14_41_24_501.jpg,IMG\left_2025_07_28_14_41_24_501.jpg,IMG\right_2025_07_28_14_41_24_501.jpg,0.0,1.0,0,30.18766
IMG\center_2025_07_28_14_41_24_595.jpg,IMG\left_2025_07_28_14_41_24_595.jpg,IMG\right_2025_07_28_14_41_24_595.jpg,0.0,1.0,0,30.18971
IMG\center_2025_07_28_14_41_24_686.jpg,IMG\left_2025_07_28_14_41_24_686.jpg,IMG\right_2025_07_28_14_41_24_686.jpg,0.0,1.0,0,30.19007
IMG\center_2025_07_28_14_41_24_778.jpg,IMG\left_2025_07_28_14_41_24_778.jpg,IMG\right_2025_07_28_14_41_24_778.jpg,-0.1,1.0,0,30.1882
IMG\center_2025_07_28_14_41_24_869.jpg,IMG\left_2025_07_28_14_41_24_869.jpg,IMG\right_2025_07_28_14_41_24_869.jpg,-0.35,1.0,0,30.16456
IMG\center_2025_07_28_14_41_24_961.jpg,IMG\left_2025_07_28_14_41_24_961.jpg,IMG\right_2025_07_28_14_41_24_961.jpg,0.0,1.0,0,30.18573
IMG\center_2025_07_28_14_41_25_053.jpg,IMG\left_2025_07_28_14_41_25_053.jpg,IMG\right_2025_07_28_14_41_25_053.jpg,0.0,1.0,0,30.18931
IMG\center_2025_07_28_14_41_25_148.jpg,IMG\left_2025_07_28_14_41_25_148.jpg,IMG\right_2025_07_28_14_41_25_148.jpg,-0.25,1.0,0,30.17758
IMG\center_2025_07_28_14_41_25_238.jpg,IMG\left_2025_07_28_14_41_25_238.jpg,IMG\right_2025_07_28_14_41_25_238.jpg,-0.5000001,1.0,0,30.14833
IMG\center_2025_07_28_14_41_25_331.jpg,IMG\left_2025_07_28_14_41_25_331.jpg,IMG\right_2025_07_28_14_41_25_331.jpg,0.0,1.0,0,30.18714
IMG\center_2025_07_28_14_41_25_427.jpg,IMG\left_2025_07_28_14_41_25_427.jpg,IMG\right_2025_07_28_14_41_25_427.jpg,0.0,1.0,0,30.18997
IMG\center_2025_07_28_14_41_25_523.jpg,IMG\left_2025_07_28_14_41_25_523.jpg,IMG\right_2025_07_28_14_41_25_523.jpg,-0.25,1.0,0,30.17844
IMG\center_2025_07_28_14_41_25_618.jpg,IMG\left_2025_07_28_14_41_25_618.jpg,IMG\right_2025_07_28_14_41_25_618.jpg,0.0,1.0,0,30.18923
IMG\center_2025_07_28_14_41_25_713.jpg,IMG\left_2025_07_28_14_41_25_713.jpg,IMG\right_2025_07_28_14_41_25_713.jpg,0.0,1.0,0,30.19079
IMG\center_2025_07_28_14_41_25_810.jpg,IMG\left_2025_07_28_14_41_25_810.jpg,IMG\right_2025_07_28_14_41_25_810.jpg,-0.1,1.0,0,30.18871
IMG\center_2025_07_28_14_41_25_907.jpg,IMG\left_2025_07_28_14_41_25_907.jpg,IMG\right_2025_07_28_14_41_25_907.jpg,-0.35,1.0,0,30.16759
IMG\center_2025_07_28_14_41_26_005.jpg,IMG\left_2025_07_28_14_41_26_005.jpg,IMG\right_2025_07_28_14_41_26_005.jpg,0.0,1.0,0,30.18931
IMG\center_2025_07_28_14_41_26_103.jpg,IMG\left_2025_07_28_14_41_26_103.jpg,IMG\right_2025_07_28_14_41_26_103.jpg,-0.15,1.0,0,30.18672
IMG\center_2025_07_28_14_41_26_200.jpg,IMG\left_2025_07_28_14_41_26_200.jpg,IMG\right_2025_07_28_14_41_26_200.jpg,0.0,1.0,0,30.18943
IMG\center_2025_07_28_14_41_26_296.jpg,IMG\left_2025_07_28_14_41_26_296.jpg,IMG\right_2025_07_28_14_41_26_296.jpg,0.0,1.0,0,30.1903
IMG\center_2025_07_28_14_41_26_394.jpg,IMG\left_2025_07_28_14_41_26_394.jpg,IMG\right_2025_07_28_14_41_26_394.jpg,-0.1,1.0,0,30.18874
IMG\center_2025_07_28_14_41_26_488.jpg,IMG\left_2025_07_28_14_41_26_488.jpg,IMG\right_2025_07_28_14_41_26_488.jpg,-0.35,1.0,0,30.16513
IMG\center_2025_07_28_14_41_26_585.jpg,IMG\left_2025_07_28_14_41_26_585.jpg,IMG\right_2025_07_28_14_41_26_585.jpg,0.0,1.0,0,30.18933
IMG\center_2025_07_28_14_41_26_681.jpg,IMG\left_2025_07_28_14_41_26_681.jpg,IMG\right_2025_07_28_14_41_26_681.jpg,0.0,1.0,0,30.19018
IMG\center_2025_07_28_14_41_26_778.jpg,IMG\left_2025_07_28_14_41_26_778.jpg,IMG\right_2025_07_28_14_41_26_778.jpg,-0.2,1.0,0,30.18245
IMG\center_2025_07_28_14_41_26_877.jpg,IMG\left_2025_07_28_14_41_26_877.jpg,IMG\right_2025_07_28_14_41_26_877.jpg,0.0,1.0,0,30.18988
IMG\center_2025_07_28_14_41_26_974.jpg,IMG\left_2025_07_28_14_41_26_974.jpg,IMG\right_2025_07_28_14_41_26_974.jpg,0.0,1.0,0,30.19022
IMG\center_2025_07_28_14_41_27_073.jpg,IMG\left_2025_07_28_14_41_27_073.jpg,IMG\right_2025_07_28_14_41_27_073.jpg,-0.25,1.0,0,30.1759
IMG\center_2025_07_28_14_41_27_173.jpg,IMG\left_2025_07_28_14_41_27_173.jpg,IMG\right_2025_07_28_14_41_27_173.jpg,0.0,1.0,0,30.18875
IMG\center_2025_07_28_14_41_27_271.jpg,IMG\left_2025_07_28_14_41_27_271.jpg,IMG\right_2025_07_28_14_41_27_271.jpg,0.0,1.0,0,30.18999
IMG\center_2025_07_28_14_41_27_371.jpg,IMG\left_2025_07_28_14_41_27_371.jpg,IMG\right_2025_07_28_14_41_27_371.jpg,-0.25,1.0,0,30.17862
IMG\center_2025_07_28_14_41_27_473.jpg,IMG\left_2025_07_28_14_41_27_473.jpg,IMG\right_2025_07_28_14_41_27_473.jpg,0.0,1.0,0,30.18731
IMG\center_2025_07_28_14_41_27_572.jpg,IMG\left_2025_07_28_14_41_27_572.jpg,IMG\right_2025_07_28_14_41_27_572.jpg,0.0,1.0,0,30.18989
IMG\center_2025_07_28_14_41_27_669.jpg,IMG\left_2025_07_28_14_41_27_669.jpg,IMG\right_2025_07_28_14_41_27_669.jpg,0.0,1.0,0,30.19097
IMG\center_2025_07_28_14_41_27_770.jpg,IMG\left_2025_07_28_14_41_27_770.jpg,IMG\right_2025_07_28_14_41_27_770.jpg,0.0,1.0,0,30.19021
IMG\center_2025_07_28_14_41_27_874.jpg,IMG\left_2025_07_28_14_41_27_874.jpg,IMG\right_2025_07_28_14_41_27_874.jpg,-0.25,1.0,0,30.17582
IMG\center_2025_07_28_14_41_27_977.jpg,IMG\left_2025_07_28_14_41_27_977.jpg,IMG\right_2025_07_28_14_41_27_977.jpg,0.0,1.0,0,30.18897
IMG\center_2025_07_28_14_41_28_081.jpg,IMG\left_2025_07_28_14_41_28_081.jpg,IMG\right_2025_07_28_14_41_28_081.jpg,0.0,1.0,0,30.19033
IMG\center_2025_07_28_14_41_28_185.jpg,IMG\left_2025_07_28_14_41_28_185.jpg,IMG\right_2025_07_28_14_41_28_185.jpg,-0.15,1.0,0,30.1865
IMG\center_2025_07_28_14_41_28_287.jpg,IMG\left_2025_07_28_14_41_28_287.jpg,IMG\right_2025_07_28_14_41_28_287.jpg,-0.4,1.0,0,30.16018
IMG\center_2025_07_28_14_41_28_391.jpg,IMG\left_2025_07_28_14_41_28_391.jpg,IMG\right_2025_07_28_14_41_28_391.jpg,0.0,1.0,0,30.19158
IMG\center_2025_07_28_14_41_28_495.jpg,IMG\left_2025_07_28_14_41_28_495.jpg,IMG\right_2025_07_28_14_41_28_495.jpg,0.0,1.0,0,30.19023
IMG\center_2025_07_28_14_41_28_599.jpg,IMG\left_2025_07_28_14_41_28_599.jpg,IMG\right_2025_07_28_14_41_28_599.jpg,-0.3,1.0,0,30.17034
IMG\center_2025_07_28_14_41_28_707.jpg,IMG\left_2025_07_28_14_41_28_707.jpg,IMG\right_2025_07_28_14_41_28_707.jpg,0.0,1.0,0,30.18975
IMG\center_2025_07_28_14_41_28_808.jpg,IMG\left_2025_07_28_14_41_28_808.jpg,IMG\right_2025_07_28_14_41_28_808.jpg,0.0,1.0,0,30.19028
IMG\center_2025_07_28_14_41_28_908.jpg,IMG\left_2025_07_28_14_41_28_908.jpg,IMG\right_2025_07_28_14_41_28_908.jpg,0.0,1.0,0,30.19032
IMG\center_2025_07_28_14_41_29_010.jpg,IMG\left_2025_07_28_14_41_29_010.jpg,IMG\right_2025_07_28_14_41_29_010.jpg,0.0,1.0,0,30.19031
IMG\center_2025_07_28_14_41_29_113.jpg,IMG\left_2025_07_28_14_41_29_113.jpg,IMG\right_2025_07_28_14_41_29_113.jpg,-0.25,1.0,0,30.17495
IMG\center_2025_07_28_14_41_29_215.jpg,IMG\left_2025_07_28_14_41_29_215.jpg,IMG\right_2025_07_28_14_41_29_215.jpg,0.0,1.0,0,30.19003
IMG\center_2025_07_28_14_41_29_315.jpg,IMG\left_2025_07_28_14_41_29_315.jpg,IMG\right_2025_07_28_14_41_29_315.jpg,0.0,1.0,0,30.19026
IMG\center_2025_07_28_14_41_29_413.jpg,IMG\left_2025_07_28_14_41_29_413.jpg,IMG\right_2025_07_28_14_41_29_413.jpg,-0.1,1.0,0,30.18819
IMG\center_2025_07_28_14_41_29_521.jpg,IMG\left_2025_07_28_14_41_29_521.jpg,IMG\right_2025_07_28_14_41_29_521.jpg,0.0,1.0,0,30.18939
IMG\center_2025_07_28_14_41_29_621.jpg,IMG\left_2025_07_28_14_41_29_621.jpg,IMG\right_2025_07_28_14_41_29_621.jpg,0.0,1.0,0,30.19041
IMG\center_2025_07_28_14_41_29_721.jpg,IMG\left_2025_07_28_14_41_29_721.jpg,IMG\right_2025_07_28_14_41_29_721.jpg,0.0,1.0,0,30.19029
IMG\center_2025_07_28_14_41_29_819.jpg,IMG\left_2025_07_28_14_41_29_819.jpg,IMG\right_2025_07_28_14_41_29_819.jpg,0.0,1.0,0,30.1903
IMG\center_2025_07_28_14_41_29_920.jpg,IMG\left_2025_07_28_14_41_29_920.jpg,IMG\right_2025_07_28_14_41_29_920.jpg,-0.25,1.0,0,30.17502
IMG\center_2025_07_28_14_41_30_021.jpg,IMG\left_2025_07_28_14_41_30_021.jpg,IMG\right_2025_07_28_14_41_30_021.jpg,0.0,1.0,0,30.18826
IMG\center_2025_07_28_14_41_30_122.jpg,IMG\left_2025_07_28_14_41_30_122.jpg,IMG\right_2025_07_28_14_41_30_122.jpg,0.0,1.0,0,30.19008
IMG\center_2025_07_28_14_41_30_223.jpg,IMG\left_2025_07_28_14_41_30_223.jpg,IMG\right_2025_07_28_14_41_30_223.jpg,0.0,1.0,0,30.19094
IMG\center_2025_07_28_14_41_30_320.jpg,IMG\left_2025_07_28_14_41_30_320.jpg,IMG\right_2025_07_28_14_41_30_320.jpg,0.0,1.0,0,30.18998
IMG\center_2025_07_28_14_41_30_420.jpg,IMG\left_2025_07_28_14_41_30_420.jpg,IMG\right_2025_07_28_14_41_30_420.jpg,0.0,1.0,0,30.19138
IMG\center_2025_07_28_14_41_30_519.jpg,IMG\left_2025_07_28_14_41_30_519.jpg,IMG\right_2025_07_28_14_41_30_519.jpg,-0.25,1.0,0,30.1744
IMG\center_2025_07_28_14_41_30_615.jpg,IMG\left_2025_07_28_14_41_30_615.jpg,IMG\right_2025_07_28_14_41_30_615.jpg,0.0,1.0,0,30.1901
IMG\center_2025_07_28_14_41_30_713.jpg,IMG\left_2025_07_28_14_41_30_713.jpg,IMG\right_2025_07_28_14_41_30_713.jpg,0.0,1.0,0,30.19044
IMG\center_2025_07_28_14_41_30_809.jpg,IMG\left_2025_07_28_14_41_30_809.jpg,IMG\right_2025_07_28_14_41_30_809.jpg,0.0,1.0,0,30.19032
IMG\center_2025_07_28_14_41_30_907.jpg,IMG\left_2025_07_28_14_41_30_907.jpg,IMG\right_2025_07_28_14_41_30_907.jpg,0.0,1.0,0,30.19035
IMG\center_2025_07_28_14_41_31_006.jpg,IMG\left_2025_07_28_14_41_31_006.jpg,IMG\right_2025_07_28_14_41_31_006.jpg,0.0,1.0,0,30.19032
IMG\center_2025_07_28_14_41_31_102.jpg,IMG\left_2025_07_28_14_41_31_102.jpg,IMG\right_2025_07_28_14_41_31_102.jpg,-0.25,1.0,0,30.17439
IMG\center_2025_07_28_14_41_31_201.jpg,IMG\left_2025_07_28_14_41_31_201.jpg,IMG\right_2025_07_28_14_41_31_201.jpg,0.0,1.0,0,30.18826
IMG\center_2025_07_28_14_41_31_302.jpg,IMG\left_2025_07_28_14_41_31_302.jpg,IMG\right_2025_07_28_14_41_31_302.jpg,0.0,1.0,0,30.18995
IMG\center_2025_07_28_14_41_31_401.jpg,IMG\left_2025_07_28_14_41_31_401.jpg,IMG\right_2025_07_28_14_41_31_401.jpg,0.0,1.0,0,30.19113
IMG\center_2025_07_28_14_41_31_494.jpg,IMG\left_2025_07_28_14_41_31_494.jpg,IMG\right_2025_07_28_14_41_31_494.jpg,0.0,1.0,0,30.19057
IMG\center_2025_07_28_14_41_31_596.jpg,IMG\left_2025_07_28_14_41_31_596.jpg,IMG\right_2025_07_28_14_41_31_596.jpg,0.0,1.0,0,30.18988
IMG\center_2025_07_28_14_41_31_700.jpg,IMG\left_2025_07_28_14_41_31_700.jpg,IMG\right_2025_07_28_14_41_31_700.jpg,0.0,1.0,0,30.19025
IMG\center_2025_07_28_14_41_31_802.jpg,IMG\left_2025_07_28_14_41_31_802.jpg,IMG\right_2025_07_28_14_41_31_802.jpg,-0.25,1.0,0,30.1748
IMG\center_2025_07_28_14_41_31_902.jpg,IMG\left_2025_07_28_14_41_31_902.jpg,IMG\right_2025_07_28_14_41_31_902.jpg,0.0,1.0,0,30.18828
IMG\center_2025_07_28_14_41_32_000.jpg,IMG\left_2025_07_28_14_41_32_000.jpg,IMG\right_2025_07_28_14_41_32_000.jpg,0.0,1.0,0,30.19007
IMG\center_2025_07_28_14_41_32_104.jpg,IMG\left_2025_07_28_14_41_32_104.jpg,IMG\right_2025_07_28_14_41_32_104.jpg,0.0,1.0,0,30.19025
IMG\center_2025_07_28_14_41_32_207.jpg,IMG\left_2025_07_28_14_41_32_207.jpg,IMG\right_2025_07_28_14_41_32_207.jpg,0.0,1.0,0,30.19029
IMG\center_2025_07_28_14_41_32_309.jpg,IMG\left_2025_07_28_14_41_32_309.jpg,IMG\right_2025_07_28_14_41_32_309.jpg,0.0,1.0,0,30.1903
IMG\center_2025_07_28_14_41_32_418.jpg,IMG\left_2025_07_28_14_41_32_418.jpg,IMG\right_2025_07_28_14_41_32_418.jpg,-0.1,1.0,0,30.18773
IMG\center_2025_07_28_14_41_32_516.jpg,IMG\left_2025_07_28_14_41_32_516.jpg,IMG\right_2025_07_28_14_41_32_516.jpg,-0.35,1.0,0,30.16354
IMG\center_2025_07_28_14_41_32_618.jpg,IMG\left_2025_07_28_14_41_32_618.jpg,IMG\right_2025_07_28_14_41_32_618.jpg,0.0,1.0,0,30.18576
IMG\center_2025_07_28_14_41_32_716.jpg,IMG\left_2025_07_28_14_41_32_716.jpg,IMG\right_2025_07_28_14_41_32_716.jpg,0.0,1.0,0,30.18944
IMG\center_2025_07_28_14_41_32_820.jpg,IMG\left_2025_07_28_14_41_32_820.jpg,IMG\right_2025_07_28_14_41_32_820.jpg,0.0,1.0,0,30.19025
IMG\center_2025_07_28_14_41_32_921.jpg,IMG\left_2025_07_28_14_41_32_921.jpg,IMG\right_2025_07_28_14_41_32_921.jpg,0.0,1.0,0,30.1903
IMG\center_2025_07_28_14_41_33_024.jpg,IMG\left_2025_07_28_14_41_33_024.jpg,IMG\right_2025_07_28_14_41_33_024.jpg,-0.25,1.0,0,30.17546
IMG\center_2025_07_28_14_41_33_131.jpg,IMG\left_2025_07_28_14_41_33_131.jpg,IMG\right_2025_07_28_14_41_33_131.jpg,0.0,1.0,0,30.19005
IMG\center_2025_07_28_14_41_33_239.jpg,IMG\left_2025_07_28_14_41_33_239.jpg,IMG\right_2025_07_28_14_41_33_239.jpg,0.0,1.0,0,30.18996
IMG\center_2025_07_28_14_41_33_343.jpg,IMG\left_2025_07_28_14_41_33_343.jpg,IMG\right_2025_07_28_14_41_33_343.jpg,0.0,1.0,0,30.18992
IMG\center_2025_07_28_14_41_33_450.jpg,IMG\left_2025_07_28_14_41_33_450.jpg,IMG\right_2025_07_28_14_41_33_450.jpg,0.0,1.0,0,30.19032
IMG\center_2025_07_28_14_41_33_557.jpg,IMG\left_2025_07_28_14_41_33_557.jpg,IMG\right_2025_07_28_14_41_33_557.jpg,0.25,1.0,0,30.17396
IMG\center_2025_07_28_14_41_33_665.jpg,IMG\left_2025_07_28_14_41_33_665.jpg,IMG\right_2025_07_28_14_41_33_665.jpg,0.0,1.0,0,30.18713
IMG\center_2025_07_28_14_41_33_769.jpg,IMG\left_2025_07_28_14_41_33_769.jpg,IMG\right_2025_07_28_14_41_33_769.jpg,0.0,1.0,0,30.18921
IMG\center_2025_07_28_14_41_33_873.jpg,IMG\left_2025_07_28_14_41_33_873.jpg,IMG\right_2025_07_28_14_41_33_873.jpg,0.0,1.0,0,30.19046
IMG\center_2025_07_28_14_41_33_973.jpg,IMG\left_2025_07_28_14_41_33_973.jpg,IMG\right_2025_07_28_14_41_33_973.jpg,0.0,1.0,0,30.19016
IMG\center_2025_07_28_14_41_34_077.jpg,IMG\left_2025_07_28_14_41_34_077.jpg,IMG\right_2025_07_28_14_41_34_077.jpg,0.0,1.0,0,30.1903
IMG\center_2025_07_28_14_41_34_182.jpg,IMG\left_2025_07_28_14_41_34_182.jpg,IMG\right_2025_07_28_14_41_34_182.jpg,0.0,1.0,0,30.19029
IMG\center_2025_07_28_14_41_34_282.jpg,IMG\left_2025_07_28_14_41_34_282.jpg,IMG\right_2025_07_28_14_41_34_282.jpg,0.0,1.0,0,30.1903
IMG\center_2025_07_28_14_41_34_382.jpg,IMG\left_2025_07_28_14_41_34_382.jpg,IMG\right_2025_07_28_14_41_34_382.jpg,-0.25,1.0,0,30.17479
IMG\center_2025_07_28_14_41_34_485.jpg,IMG\left_2025_07_28_14_41_34_485.jpg,IMG\right_2025_07_28_14_41_34_485.jpg,0.0,1.0,0,30.18996
IMG\center_2025_07_28_14_41_34_587.jpg,IMG\left_2025_07_28_14_41_34_587.jpg,IMG\right_2025_07_28_14_41_34_587.jpg,0.0,1.0,0,30.19025
IMG\center_2025_07_28_14_41_34_687.jpg,IMG\left_2025_07_28_14_41_34_687.jpg,IMG\right_2025_07_28_14_41_34_687.jpg,0.0,1.0,0,30.19016
IMG\center_2025_07_28_14_41_34_787.jpg,IMG\left_2025_07_28_14_41_34_787.jpg,IMG\right_2025_07_28_14_41_34_787.jpg,0.0,1.0,0,30.19031
IMG\center_2025_07_28_14_41_34_888.jpg,IMG\left_2025_07_28_14_41_34_888.jpg,IMG\right_2025_07_28_14_41_34_888.jpg,-0.25,1.0,0,30.17496
IMG\center_2025_07_28_14_41_34_989.jpg,IMG\left_2025_07_28_14_41_34_989.jpg,IMG\right_2025_07_28_14_41_34_989.jpg,0.0,1.0,0,30.18944
IMG\center_2025_07_28_14_41_35_094.jpg,IMG\left_2025_07_28_14_41_35_094.jpg,IMG\right_2025_07_28_14_41_35_094.jpg,0.0,1.0,0,30.19057
IMG\center_2025_07_28_14_41_35_193.jpg,IMG\left_2025_07_28_14_41_35_193.jpg,IMG\right_2025_07_28_14_41_35_193.jpg,0.0,1.0,0,30.18944
IMG\center_2025_07_28_14_41_35_294.jpg,IMG\left_2025_07_28_14_41_35_294.jpg,IMG\right_2025_07_28_14_41_35_294.jpg,-0.1,1.0,0,30.18751
IMG\center_2025_07_28_14_41_35_391.jpg,IMG\left_2025_07_28_14_41_35_391.jpg,IMG\right_2025_07_28_14_41_35_391.jpg,-0.35,1.0,0,30.16375
IMG\center_2025_07_28_14_41_35_490.jpg,IMG\left_2025_07_28_14_41_35_490.jpg,IMG\right_2025_07_28_14_41_35_490.jpg,0.0,1.0,0,30.18914
IMG\center_2025_07_28_14_41_35_588.jpg,IMG\left_2025_07_28_14_41_35_588.jpg,IMG\right_2025_07_28_14_41_35_588.jpg,0.0,1.0,0,30.18991
IMG\center_2025_07_28_14_41_35_686.jpg,IMG\left_2025_07_28_14_41_35_686.jpg,IMG\right_2025_07_28_14_41_35_686.jpg,-0.15,1.0,0,30.18526
IMG\center_2025_07_28_14_41_35_785.jpg,IMG\left_2025_07_28_14_41_35_785.jpg,IMG\right_2025_07_28_14_41_35_785.jpg,-0.4,1.0,0,30.1589
IMG\center_2025_07_28_14_41_35_886.jpg,IMG\left_2025_07_28_14_41_35_886.jpg,IMG\right_2025_07_28_14_41_35_886.jpg,0.0,1.0,0,30.1891
IMG\center_2025_07_28_14_41_35_988.jpg,IMG\left_2025_07_28_14_41_35_988.jpg,IMG\right_2025_07_28_14_41_35_988.jpg,0.0,1.0,0,30.18976
IMG\center_2025_07_28_14_41_36_088.jpg,IMG\left_2025_07_28_14_41_36_088.jpg,IMG\right_2025_07_28_14_41_36_088.jpg,-0.25,1.0,0,30.17706
IMG\center_2025_07_28_14_41_36_189.jpg,IMG\left_2025_07_28_14_41_36_189.jpg,IMG\right_2025_07_28_14_41_36_189.jpg,0.0,1.0,0,30.18798
IMG\center_2025_07_28_14_41_36_289.jpg,IMG\left_2025_07_28_14_41_36_289.jpg,IMG\right_2025_07_28_14_41_36_289.jpg,0.0,1.0,0,30.18983
IMG\center_2025_07_28_14_41_36_391.jpg,IMG\left_2025_07_28_14_41_36_391.jpg,IMG\right_2025_07_28_14_41_36_391.jpg,0.0,1.0,0,30.1903
IMG\center_2025_07_28_14_41_36_491.jpg,IMG\left_2025_07_28_14_41_36_491.jpg,IMG\right_2025_07_28_14_41_36_491.jpg,0.0,1.0,0,30.19038
IMG\center_2025_07_28_14_41_36_593.jpg,IMG\left_2025_07_28_14_41_36_593.jpg,IMG\right_2025_07_28_14_41_36_593.jpg,0.0,1.0,0,30.19038
IMG\center_2025_07_28_14_41_36_689.jpg,IMG\left_2025_07_28_14_41_36_689.jpg,IMG\right_2025_07_28_14_41_36_689.jpg,0.0,1.0,0,30.19039
IMG\center_2025_07_28_14_41_36_787.jpg,IMG\left_2025_07_28_14_41_36_787.jpg,IMG\right_2025_07_28_14_41_36_787.jpg,0.0,1.0,0,30.19038
IMG\center_2025_07_28_14_41_36_884.jpg,IMG\left_2025_07_28_14_41_36_884.jpg,IMG\right_2025_07_28_14_41_36_884.jpg,0.0,1.0,0,30.19037
IMG\center_2025_07_28_14_41_36_981.jpg,IMG\left_2025_07_28_14_41_36_981.jpg,IMG\right_2025_07_28_14_41_36_981.jpg,-0.15,1.0,0,30.18455
IMG\center_2025_07_28_14_41_37_079.jpg,IMG\left_2025_07_28_14_41_37_079.jpg,IMG\right_2025_07_28_14_41_37_079.jpg,-0.4,1.0,0,30.15824
IMG\center_2025_07_28_14_41_37_180.jpg,IMG\left_2025_07_28_14_41_37_180.jpg,IMG\right_2025_07_28_14_41_37_180.jpg,0.0,1.0,0,30.1901
IMG\center_2025_07_28_14_41_37_278.jpg,IMG\left_2025_07_28_14_41_37_278.jpg,IMG\right_2025_07_28_14_41_37_278.jpg,0.0,1.0,0,30.19028
IMG\center_2025_07_28_14_41_37_378.jpg,IMG\left_2025_07_28_14_41_37_378.jpg,IMG\right_2025_07_28_14_41_37_378.jpg,0.0,1.0,0,30.1905
IMG\center_2025_07_28_14_41_37_477.jpg,IMG\left_2025_07_28_14_41_37_477.jpg,IMG\right_2025_07_28_14_41_37_477.jpg,-0.1,1.0,0,30.18824
IMG\center_2025_07_28_14_41_37_576.jpg,IMG\left_2025_07_28_14_41_37_576.jpg,IMG\right_2025_07_28_14_41_37_576.jpg,-0.35,1.0,0,30.16474
IMG\center_2025_07_28_14_41_37_676.jpg,IMG\left_2025_07_28_14_41_37_676.jpg,IMG\right_2025_07_28_14_41_37_676.jpg,0.0,1.0,0,30.18985
IMG\center_2025_07_28_14_41_37_777.jpg,IMG\left_2025_07_28_14_41_37_777.jpg,IMG\right_2025_07_28_14_41_37_777.jpg,0.0,1.0,0,30.19059
IMG\center_2025_07_28_14_41_37_886.jpg,IMG\left_2025_07_28_14_41_37_886.jpg,IMG\right_2025_07_28_14_41_37_886.jpg,0.0,1.0,0,30.19069
IMG\center_2025_07_28_14_41_37_977.jpg,IMG\left_2025_07_28_14_41_37_977.jpg,IMG\right_2025_07_28_14_41_37_977.jpg,0.0,1.0,0,30.19022
IMG\center_2025_07_28_14_41_38_079.jpg,IMG\left_2025_07_28_14_41_38_079.jpg,IMG\right_2025_07_28_14_41_38_079.jpg,0.0,1.0,0,30.19038
IMG\center_2025_07_28_14_41_38_182.jpg,IMG\left_2025_07_28_14_41_38_182.jpg,IMG\right_2025_07_28_14_41_38_182.jpg,0.0,1.0,0,30.19098
IMG\center_2025_07_28_14_41_38_279.jpg,IMG\left_2025_07_28_14_41_38_279.jpg,IMG\right_2025_07_28_14_41_38_279.jpg,0.0,1.0,0,30.19018
IMG\center_2025_07_28_14_41_38_377.jpg,IMG\left_2025_07_28_14_41_38_377.jpg,IMG\right_2025_07_28_14_41_38_377.jpg,0.2,1.0,0,30.17983
IMG\center_2025_07_28_14_41_38_478.jpg,IMG\left_2025_07_28_14_41_38_478.jpg,IMG\right_2025_07_28_14_41_38_478.jpg,0.0,1.0,0,30.19012
IMG\center_2025_07_28_14_41_38_578.jpg,IMG\left_2025_07_28_14_41_38_578.jpg,IMG\right_2025_07_28_14_41_38_578.jpg,0.0,1.0,0,30.19028
IMG\center_2025_07_28_14_41_38_679.jpg,IMG\left_2025_07_28_14_41_38_679.jpg,IMG\right_2025_07_28_14_41_38_679.jpg,0.0,1.0,0,30.19028
IMG\center_2025_07_28_14_41_38_781.jpg,IMG\left_2025_07_28_14_41_38_781.jpg,IMG\right_2025_07_28_14_41_38_781.jpg,0.0,1.0,0,30.1903
IMG\center_2025_07_28_14_41_38_881.jpg,IMG\left_2025_07_28_14_41_38_881.jpg,IMG\right_2025_07_28_14_41_38_881.jpg,0.0,1.0,0,30.19029
IMG\center_2025_07_28_14_41_38_982.jpg,IMG\left_2025_07_28_14_41_38_982.jpg,IMG\right_2025_07_28_14_41_38_982.jpg,0.0,1.0,0,30.1903
IMG\center_2025_07_28_14_41_39_086.jpg,IMG\left_2025_07_28_14_41_39_086.jpg,IMG\right_2025_07_28_14_41_39_086.jpg,0.15,1.0,0,30.18424
IMG\center_2025_07_28_14_41_39_192.jpg,IMG\left_2025_07_28_14_41_39_192.jpg,IMG\right_2025_07_28_14_41_39_192.jpg,0.0,1.0,0,30.18931
IMG\center_2025_07_28_14_41_39_292.jpg,IMG\left_2025_07_28_14_41_39_292.jpg,IMG\right_2025_07_28_14_41_39_292.jpg,0.0,1.0,0,30.19021
IMG\center_2025_07_28_14_41_39_393.jpg,IMG\left_2025_07_28_14_41_39_393.jpg,IMG\right_2025_07_28_14_41_39_393.jpg,0.0,1.0,0,30.19029
IMG\center_2025_07_28_14_41_39_497.jpg,IMG\left_2025_07_28_14_41_39_497.jpg,IMG\right_2025_07_28_14_41_39_497.jpg,0.0,1.0,0,30.19029
IMG\center_2025_07_28_14_41_39_600.jpg,IMG\left_2025_07_28_14_41_39_600.jpg,IMG\right_2025_07_28_14_41_39_600.jpg,0.0,1.0,0,30.19031
IMG\center_2025_07_28_14_41_39_701.jpg,IMG\left_2025_07_28_14_41_39_701.jpg,IMG\right_2025_07_28_14_41_39_701.jpg,-0.25,1.0,0,30.17471
IMG\center_2025_07_28_14_41_39_803.jpg,IMG\left_2025_07_28_14_41_39_803.jpg,IMG\right_2025_07_28_14_41_39_803.jpg,0.0,1.0,0,30.18815
IMG\center_2025_07_28_14_41_39_902.jpg,IMG\left_2025_07_28_14_41_39_902.jpg,IMG\right_2025_07_28_14_41_39_902.jpg,0.0,1.0,0,30.19008
IMG\center_2025_07_28_14_41_40_008.jpg,IMG\left_2025_07_28_14_41_40_008.jpg,IMG\right_2025_07_28_14_41_40_008.jpg,0.0,1.0,0,30.19027
IMG\center_2025_07_28_14_41_40_113.jpg,IMG\left_2025_07_28_14_41_40_113.jpg,IMG\right_2025_07_28_14_41_40_113.jpg,0.0,1.0,0,30.1903
IMG\center_2025_07_28_14_41_40_215.jpg,IMG\left_2025_07_28_14_41_40_215.jpg,IMG\right_2025_07_28_14_41_40_215.jpg,0.0,1.0,0,30.19029
IMG\center_2025_07_28_14_41_40_318.jpg,IMG\left_2025_07_28_14_41_40_318.jpg,IMG\right_2025_07_28_14_41_40_318.jpg,0.0,1.0,0,30.19031
IMG\center_2025_07_28_14_41_40_420.jpg,IMG\left_2025_07_28_14_41_40_420.jpg,IMG\right_2025_07_28_14_41_40_420.jpg,0.0,1.0,0,30.19029
IMG\center_2025_07_28_14_41_40_524.jpg,IMG\left_2025_07_28_14_41_40_524.jpg,IMG\right_2025_07_28_14_41_40_524.jpg,0.0,1.0,0,30.19031
IMG\center_2025_07_28_14_41_40_628.jpg,IMG\left_2025_07_28_14_41_40_628.jpg,IMG\right_2025_07_28_14_41_40_628.jpg,0.0,1.0,0,30.1903
IMG\center_2025_07_28_14_41_40_730.jpg,IMG\left_2025_07_28_14_41_40_730.jpg,IMG\right_2025_07_28_14_41_40_730.jpg,0.0,1.0,0,30.19031
IMG\center_2025_07_28_14_41_40_835.jpg,IMG\left_2025_07_28_14_41_40_835.jpg,IMG\right_2025_07_28_14_41_40_835.jpg,0.0,1.0,0,30.19031
IMG\center_2025_07_28_14_41_40_939.jpg,IMG\left_2025_07_28_14_41_40_939.jpg,IMG\right_2025_07_28_14_41_40_939.jpg,0.0,1.0,0,30.19031
IMG\center_2025_07_28_14_41_41_043.jpg,IMG\left_2025_07_28_14_41_41_043.jpg,IMG\right_2025_07_28_14_41_41_043.jpg,0.15,1.0,0,30.18423
IMG\center_2025_07_28_14_41_41_148.jpg,IMG\left_2025_07_28_14_41_41_148.jpg,IMG\right_2025_07_28_14_41_41_148.jpg,0.4,1.0,0,30.15755
IMG\center_2025_07_28_14_41_41_249.jpg,IMG\left_2025_07_28_14_41_41_249.jpg,IMG\right_2025_07_28_14_41_41_249.jpg,0.0,1.0,0,30.18538
IMG\center_2025_07_28_14_41_41_352.jpg,IMG\left_2025_07_28_14_41_41_352.jpg,IMG\right_2025_07_28_14_41_41_352.jpg,0.0,1.0,0,30.18968
IMG\center_2025_07_28_14_41_41_456.jpg,IMG\left_2025_07_28_14_41_41_456.jpg,IMG\right_2025_07_28_14_41_41_456.jpg,0.0,1.0,0,30.19024
IMG\center_2025_07_28_14_41_41_562.jpg,IMG\left_2025_07_28_14_41_41_562.jpg,IMG\right_2025_07_28_14_41_41_562.jpg,-0.15,1.0,0,30.18338
IMG\center_2025_07_28_14_41_41_667.jpg,IMG\left_2025_07_28_14_41_41_667.jpg,IMG\right_2025_07_28_14_41_41_667.jpg,-0.4,1.0,0,30.15679
IMG\center_2025_07_28_14_41_41_776.jpg,IMG\left_2025_07_28_14_41_41_776.jpg,IMG\right_2025_07_28_14_41_41_776.jpg,0.0,1.0,0,30.18971
IMG\center_2025_07_28_14_41_41_880.jpg,IMG\left_2025_07_28_14_41_41_880.jpg,IMG\right_2025_07_28_14_41_41_880.jpg,0.0,1.0,0,30.18989
IMG\center_2025_07_28_14_41_41_987.jpg,IMG\left_2025_07_28_14_41_41_987.jpg,IMG\right_2025_07_28_14_41_41_987.jpg,0.0,1.0,0,30.19041
IMG\center_2025_07_28_14_41_42_095.jpg,IMG\left_2025_07_28_14_41_42_095.jpg,IMG\right_2025_07_28_14_41_42_095.jpg,0.0,1.0,0,30.18974
IMG\center_2025_07_28_14_41_42_202.jpg,IMG\left_2025_07_28_14_41_42_202.jpg,IMG\right_2025_07_28_14_41_42_202.jpg,0.0,1.0,0,30.18997
IMG\center_2025_07_28_14_41_42_310.jpg,IMG\left_2025_07_28_14_41_42_310.jpg,IMG\right_2025_07_28_14_41_42_310.jpg,-0.15,1.0,0,30.18425
IMG\center_2025_07_28_14_41_42_414.jpg,IMG\left_2025_07_28_14_41_42_414.jpg,IMG\right_2025_07_28_14_41_42_414.jpg,-0.4,1.0,0,30.1579
IMG\center_2025_07_28_14_41_42_520.jpg,IMG\left_2025_07_28_14_41_42_520.jpg,IMG\right_2025_07_28_14_41_42_520.jpg,0.0,1.0,0,30.1895
IMG\center_2025_07_28_14_41_42_627.jpg,IMG\left_2025_07_28_14_41_42_627.jpg,IMG\right_2025_07_28_14_41_42_627.jpg,0.0,1.0,0,30.18995
IMG\center_2025_07_28_14_41_42_733.jpg,IMG\left_2025_07_28_14_41_42_733.jpg,IMG\right_2025_07_28_14_41_42_733.jpg,0.0,1.0,0,30.19011
IMG\center_2025_07_28_14_41_42_838.jpg,IMG\left_2025_07_28_14_41_42_838.jpg,IMG\right_2025_07_28_14_41_42_838.jpg,0.0,1.0,0,30.1909
IMG\center_2025_07_28_14_41_42_944.jpg,IMG\left_2025_07_28_14_41_42_944.jpg,IMG\right_2025_07_28_14_41_42_944.jpg,0.0,1.0,0,30.19008
IMG\center_2025_07_28_14_41_43_050.jpg,IMG\left_2025_07_28_14_41_43_050.jpg,IMG\right_2025_07_28_14_41_43_050.jpg,0.0,1.0,0,30.19014
IMG\center_2025_07_28_14_41_43_155.jpg,IMG\left_2025_07_28_14_41_43_155.jpg,IMG\right_2025_07_28_14_41_43_155.jpg,0.0,1.0,0,30.19014
IMG\center_2025_07_28_14_41_43_262.jpg,IMG\left_2025_07_28_14_41_43_262.jpg,IMG\right_2025_07_28_14_41_43_262.jpg,-0.15,1.0,0,30.18433
IMG\center_2025_07_28_14_41_43_367.jpg,IMG\left_2025_07_28_14_41_43_367.jpg,IMG\right_2025_07_28_14_41_43_367.jpg,0.0,1.0,0,30.18915
IMG\center_2025_07_28_14_41_43_474.jpg,IMG\left_2025_07_28_14_41_43_474.jpg,IMG\right_2025_07_28_14_41_43_474.jpg,0.0,1.0,0,30.19016
IMG\center_2025_07_28_14_41_43_578.jpg,IMG\left_2025_07_28_14_41_43_578.jpg,IMG\right_2025_07_28_14_41_43_578.jpg,0.0,1.0,0,30.19023
IMG\center_2025_07_28_14_41_43_682.jpg,IMG\left_2025_07_28_14_41_43_682.jpg,IMG\right_2025_07_28_14_41_43_682.jpg,0.0,1.0,0,30.19027
IMG\center_2025_07_28_14_41_43_788.jpg,IMG\left_2025_07_28_14_41_43_788.jpg,IMG\right_2025_07_28_14_41_43_788.jpg,-0.15,1.0,0,30.1846
IMG\center_2025_07_28_14_41_43_892.jpg,IMG\left_2025_07_28_14_41_43_892.jpg,IMG\right_2025_07_28_14_41_43_892.jpg,-0.4,1.0,0,30.15827
IMG\center_2025_07_28_14_41_43_999.jpg,IMG\left_2025_07_28_14_41_43_999.jpg,IMG\right_2025_07_28_14_41_43_999.jpg,0.0,1.0,0,30.18997
IMG\center_2025_07_28_14_41_44_105.jpg,IMG\left_2025_07_28_14_41_44_105.jpg,IMG\right_2025_07_28_14_41_44_105.jpg,0.0,1.0,0,30.19027
IMG\center_2025_07_28_14_41_44_210.jpg,IMG\left_2025_07_28_14_41_44_210.jpg,IMG\right_2025_07_28_14_41_44_210.jpg,0.0,1.0,0,30.19046
IMG\center_2025_07_28_14_41_44_313.jpg,IMG\left_2025_07_28_14_41_44_313.jpg,IMG\right_2025_07_28_14_41_44_313.jpg,0.0,1.0,0,30.19029
IMG\center_2025_07_28_14_41_44_417.jpg,IMG\left_2025_07_28_14_41_44_417.jpg,IMG\right_2025_07_28_14_41_44_417.jpg,0.0,1.0,0,30.19042
IMG\center_2025_07_28_14_41_44_520.jpg,IMG\left_2025_07_28_14_41_44_520.jpg,IMG\right_2025_07_28_14_41_44_520.jpg,0.0,1.0,0,30.19041
IMG\center_2025_07_28_14_41_44_623.jpg,IMG\left_2025_07_28_14_41_44_623.jpg,IMG\right_2025_07_28_14_41_44_623.jpg,0.0,1.0,0,30.19041
IMG\center_2025_07_28_14_41_44_727.jpg,IMG\left_2025_07_28_14_41_44_727.jpg,IMG\right_2025_07_28_14_41_44_727.jpg,0.0,1.0,0,30.19041
IMG\center_2025_07_28_14_41_44_830.jpg,IMG\left_2025_07_28_14_41_44_830.jpg,IMG\right_2025_07_28_14_41_44_830.jpg,0.0,1.0,0,30.19042
IMG\center_2025_07_28_14_41_44_937.jpg,IMG\left_2025_07_28_14_41_44_937.jpg,IMG\right_2025_07_28_14_41_44_937.jpg,-0.25,1.0,0,30.17529
IMG\center_2025_07_28_14_41_45_043.jpg,IMG\left_2025_07_28_14_41_45_043.jpg,IMG\right_2025_07_28_14_41_45_043.jpg,0.0,1.0,0,30.19032
IMG\center_2025_07_28_14_41_45_150.jpg,IMG\left_2025_07_28_14_41_45_150.jpg,IMG\right_2025_07_28_14_41_45_150.jpg,0.0,1.0,0,30.19051
IMG\center_2025_07_28_14_41_45_255.jpg,IMG\left_2025_07_28_14_41_45_255.jpg,IMG\right_2025_07_28_14_41_45_255.jpg,0.0,1.0,0,30.19056
IMG\center_2025_07_28_14_41_45_371.jpg,IMG\left_2025_07_28_14_41_45_371.jpg,IMG\right_2025_07_28_14_41_45_371.jpg,0.0,1.0,0,30.19056
IMG\center_2025_07_28_14_41_45_476.jpg,IMG\left_2025_07_28_14_41_45_476.jpg,IMG\right_2025_07_28_14_41_45_476.jpg,0.0,1.0,0,30.1904
IMG\center_2025_07_28_14_41_45_582.jpg,IMG\left_2025_07_28_14_41_45_582.jpg,IMG\right_2025_07_28_14_41_45_582.jpg,0.0,1.0,0,30.19043
IMG\center_2025_07_28_14_41_45_686.jpg,IMG\left_2025_07_28_14_41_45_686.jpg,IMG\right_2025_07_28_14_41_45_686.jpg,0.0,1.0,0,30.1902
IMG\center_2025_07_28_14_41_45_787.jpg,IMG\left_2025_07_28_14_41_45_787.jpg,IMG\right_2025_07_28_14_41_45_787.jpg,-0.25,1.0,0,30.17504
IMG\center_2025_07_28_14_41_45_891.jpg,IMG\left_2025_07_28_14_41_45_891.jpg,IMG\right_2025_07_28_14_41_45_891.jpg,-0.5000001,1.0,0,30.14557
IMG\center_2025_07_28_14_41_45_994.jpg,IMG\left_2025_07_28_14_41_45_994.jpg,IMG\right_2025_07_28_14_41_45_994.jpg,0.0,1.0,0,30.18812
IMG\center_2025_07_28_14_41_46_098.jpg,IMG\left_2025_07_28_14_41_46_098.jpg,IMG\right_2025_07_28_14_41_46_098.jpg,0.0,1.0,0,30.19005
IMG\center_2025_07_28_14_41_46_199.jpg,IMG\left_2025_07_28_14_41_46_199.jpg,IMG\right_2025_07_28_14_41_46_199.jpg,0.0,1.0,0,30.19027
IMG\center_2025_07_28_14_41_46_301.jpg,IMG\left_2025_07_28_14_41_46_301.jpg,IMG\right_2025_07_28_14_41_46_301.jpg,0.0,1.0,0,30.19028
IMG\center_2025_07_28_14_41_46_399.jpg,IMG\left_2025_07_28_14_41_46_399.jpg,IMG\right_2025_07_28_14_41_46_399.jpg,0.0,1.0,0,30.19029
IMG\center_2025_07_28_14_41_46_497.jpg,IMG\left_2025_07_28_14_41_46_497.jpg,IMG\right_2025_07_28_14_41_46_497.jpg,0.0,1.0,0,30.19031
IMG\center_2025_07_28_14_41_46_596.jpg,IMG\left_2025_07_28_14_41_46_596.jpg,IMG\right_2025_07_28_14_41_46_596.jpg,0.0,1.0,0,30.19031
IMG\center_2025_07_28_14_41_46_696.jpg,IMG\left_2025_07_28_14_41_46_696.jpg,IMG\right_2025_07_28_14_41_46_696.jpg,0.0,1.0,0,30.19029
IMG\center_2025_07_28_14_41_46_794.jpg,IMG\left_2025_07_28_14_41_46_794.jpg,IMG\right_2025_07_28_14_41_46_794.jpg,-0.25,1.0,0,30.1746
IMG\center_2025_07_28_14_41_46_893.jpg,IMG\left_2025_07_28_14_41_46_893.jpg,IMG\right_2025_07_28_14_41_46_893.jpg,0.0,1.0,0,30.18875
IMG\center_2025_07_28_14_41_46_992.jpg,IMG\left_2025_07_28_14_41_46_992.jpg,IMG\right_2025_07_28_14_41_46_992.jpg,0.0,1.0,0,30.19042
IMG\center_2025_07_28_14_41_47_092.jpg,IMG\left_2025_07_28_14_41_47_092.jpg,IMG\right_2025_07_28_14_41_47_092.jpg,0.0,1.0,0,30.18947
IMG\center_2025_07_28_14_41_47_189.jpg,IMG\left_2025_07_28_14_41_47_189.jpg,IMG\right_2025_07_28_14_41_47_189.jpg,0.1,1.0,0,30.18654
IMG\center_2025_07_28_14_41_47_283.jpg,IMG\left_2025_07_28_14_41_47_283.jpg,IMG\right_2025_07_28_14_41_47_283.jpg,0.35,1.0,0,30.16258
IMG\center_2025_07_28_14_41_47_378.jpg,IMG\left_2025_07_28_14_41_47_378.jpg,IMG\right_2025_07_28_14_41_47_378.jpg,0.0,1.0,0,30.18884
IMG\center_2025_07_28_14_41_47_475.jpg,IMG\left_2025_07_28_14_41_47_475.jpg,IMG\right_2025_07_28_14_41_47_475.jpg,0.0,1.0,0,30.18958
IMG\center_2025_07_28_14_41_47_569.jpg,IMG\left_2025_07_28_14_41_47_569.jpg,IMG\right_2025_07_28_14_41_47_569.jpg,0.0,1.0,0,30.19157
IMG\center_2025_07_28_14_41_47_663.jpg,IMG\left_2025_07_28_14_41_47_663.jpg,IMG\right_2025_07_28_14_41_47_663.jpg,0.0,1.0,0,30.18913
IMG\center_2025_07_28_14_41_47_757.jpg,IMG\left_2025_07_28_14_41_47_757.jpg,IMG\right_2025_07_28_14_41_47_757.jpg,0.0,1.0,0,30.18937
IMG\center_2025_07_28_14_41_47_851.jpg,IMG\left_2025_07_28_14_41_47_851.jpg,IMG\right_2025_07_28_14_41_47_851.jpg,0.0,1.0,0,30.18831
IMG\center_2025_07_28_14_41_47_945.jpg,IMG\left_2025_07_28_14_41_47_945.jpg,IMG\right_2025_07_28_14_41_47_945.jpg,0.15,1.0,0,30.18372
IMG\center_2025_07_28_14_41_48_039.jpg,IMG\left_2025_07_28_14_41_48_039.jpg,IMG\right_2025_07_28_14_41_48_039.jpg,0.4,1.0,0,30.1578
IMG\center_2025_07_28_14_41_48_138.jpg,IMG\left_2025_07_28_14_41_48_138.jpg,IMG\right_2025_07_28_14_41_48_138.jpg,0.0,1.0,0,30.18784
IMG\center_2025_07_28_14_41_48_232.jpg,IMG\left_2025_07_28_14_41_48_232.jpg,IMG\right_2025_07_28_14_41_48_232.jpg,0.0,1.0,0,30.18825
IMG\center_2025_07_28_14_41_48_327.jpg,IMG\left_2025_07_28_14_41_48_327.jpg,IMG\right_2025_07_28_14_41_48_327.jpg,0.0,1.0,0,30.19019
IMG\center_2025_07_28_14_41_48_426.jpg,IMG\left_2025_07_28_14_41_48_426.jpg,IMG\right_2025_07_28_14_41_48_426.jpg,0.0,1.0,0,30.18845
IMG\center_2025_07_28_14_41_48_524.jpg,IMG\left_2025_07_28_14_41_48_524.jpg,IMG\right_2025_07_28_14_41_48_524.jpg,0.0,1.0,0,30.19052
IMG\center_2025_07_28_14_41_48_622.jpg,IMG\left_2025_07_28_14_41_48_622.jpg,IMG\right_2025_07_28_14_41_48_622.jpg,0.0,1.0,0,30.19032
IMG\center_2025_07_28_14_41_48_721.jpg,IMG\left_2025_07_28_14_41_48_721.jpg,IMG\right_2025_07_28_14_41_48_721.jpg,0.0,1.0,0,30.19034
IMG\center_2025_07_28_14_41_48_822.jpg,IMG\left_2025_07_28_14_41_48_822.jpg,IMG\right_2025_07_28_14_41_48_822.jpg,0.0,1.0,0,30.19033
IMG\center_2025_07_28_14_41_48_921.jpg,IMG\left_2025_07_28_14_41_48_921.jpg,IMG\right_2025_07_28_14_41_48_921.jpg,0.0,1.0,0,30.19036
IMG\center_2025_07_28_14_41_49_024.jpg,IMG\left_2025_07_28_14_41_49_024.jpg,IMG\right_2025_07_28_14_41_49_024.jpg,0.0,1.0,0,30.19037
IMG\center_2025_07_28_14_41_49_123.jpg,IMG\left_2025_07_28_14_41_49_123.jpg,IMG\right_2025_07_28_14_41_49_123.jpg,0.0,1.0,0,30.19034
IMG\center_2025_07_28_14_41_49_224.jpg,IMG\left_2025_07_28_14_41_49_224.jpg,IMG\right_2025_07_28_14_41_49_224.jpg,0.0,1.0,0,30.19036
IMG\center_2025_07_28_14_41_49_324.jpg,IMG\left_2025_07_28_14_41_49_324.jpg,IMG\right_2025_07_28_14_41_49_324.jpg,0.0,1.0,0,30.19041
IMG\center_2025_07_28_14_41_49_423.jpg,IMG\left_2025_07_28_14_41_49_423.jpg,IMG\right_2025_07_28_14_41_49_423.jpg,0.0,1.0,0,30.19042
IMG\center_2025_07_28_14_41_49_524.jpg,IMG\left_2025_07_28_14_41_49_524.jpg,IMG\right_2025_07_28_14_41_49_524.jpg,0.0,1.0,0,30.19038
IMG\center_2025_07_28_14_41_49_624.jpg,IMG\left_2025_07_28_14_41_49_624.jpg,IMG\right_2025_07_28_14_41_49_624.jpg,0.0,1.0,0,30.19096
IMG\center_2025_07_28_14_41_49_723.jpg,IMG\left_2025_07_28_14_41_49_723.jpg,IMG\right_2025_07_28_14_41_49_723.jpg,0.0,1.0,0,30.1907
IMG\center_2025_07_28_14_41_49_822.jpg,IMG\left_2025_07_28_14_41_49_822.jpg,IMG\right_2025_07_28_14_41_49_822.jpg,0.0,1.0,0,30.19176
IMG\center_2025_07_28_14_41_49_922.jpg,IMG\left_2025_07_28_14_41_49_922.jpg,IMG\right_2025_07_28_14_41_49_922.jpg,0.0,1.0,0,30.19094
IMG\center_2025_07_28_14_41_50_024.jpg,IMG\left_2025_07_28_14_41_50_024.jpg,IMG\right_2025_07_28_14_41_50_024.jpg,0.0,1.0,0,30.19087
IMG\center_2025_07_28_14_41_50_125.jpg,IMG\left_2025_07_28_14_41_50_125.jpg,IMG\right_2025_07_28_14_41_50_125.jpg,0.0,1.0,0,30.1908
IMG\center_2025_07_28_14_41_50_224.jpg,IMG\left_2025_07_28_14_41_50_224.jpg,IMG\right_2025_07_28_14_41_50_224.jpg,0.0,1.0,0,30.19084
IMG\center_2025_07_28_14_41_50_324.jpg,IMG\left_2025_07_28_14_41_50_324.jpg,IMG\right_2025_07_28_14_41_50_324.jpg,0.0,1.0,0,30.19071
IMG\center_2025_07_28_14_41_50_420.jpg,IMG\left_2025_07_28_14_41_50_420.jpg,IMG\right_2025_07_28_14_41_50_420.jpg,0.0,1.0,0,30.19074
IMG\center_2025_07_28_14_41_50_521.jpg,IMG\left_2025_07_28_14_41_50_521.jpg,IMG\right_2025_07_28_14_41_50_521.jpg,0.0,1.0,0,30.1899
IMG\center_2025_07_28_14_41_50_623.jpg,IMG\left_2025_07_28_14_41_50_623.jpg,IMG\right_2025_07_28_14_41_50_623.jpg,0.0,1.0,0,30.19053
IMG\center_2025_07_28_14_41_50_722.jpg,IMG\left_2025_07_28_14_41_50_722.jpg,IMG\right_2025_07_28_14_41_50_722.jpg,0.0,1.0,0,30.1898
IMG\center_2025_07_28_14_41_50_824.jpg,IMG\left_2025_07_28_14_41_50_824.jpg,IMG\right_2025_07_28_14_41_50_824.jpg,-0.25,1.0,0,30.17435
IMG\center_2025_07_28_14_41_50_927.jpg,IMG\left_2025_07_28_14_41_50_927.jpg,IMG\right_2025_07_28_14_41_50_927.jpg,-0.5000001,1.0,0,30.14457
IMG\center_2025_07_28_14_41_51_029.jpg,IMG\left_2025_07_28_14_41_51_029.jpg,IMG\right_2025_07_28_14_41_51_029.jpg,0.0,1.0,0,30.1884
IMG\center_2025_07_28_14_41_51_129.jpg,IMG\left_2025_07_28_14_41_51_129.jpg,IMG\right_2025_07_28_14_41_51_129.jpg,0.0,1.0,0,30.1897
IMG\center_2025_07_28_14_41_51_225.jpg,IMG\left_2025_07_28_14_41_51_225.jpg,IMG\right_2025_07_28_14_41_51_225.jpg,0.0,1.0,0,30.19034
IMG\center_2025_07_28_14_41_51_321.jpg,IMG\left_2025_07_28_14_41_51_321.jpg,IMG\right_2025_07_28_14_41_51_321.jpg,0.0,1.0,0,30.19023
IMG\center_2025_07_28_14_41_51_417.jpg,IMG\left_2025_07_28_14_41_51_417.jpg,IMG\right_2025_07_28_14_41_51_417.jpg,0.0,1.0,0,30.19022
IMG\center_2025_07_28_14_41_51_511.jpg,IMG\left_2025_07_28_14_41_51_511.jpg,IMG\right_2025_07_28_14_41_51_511.jpg,0.0,1.0,0,30.1902
IMG\center_2025_07_28_14_41_51_606.jpg,IMG\left_2025_07_28_14_41_51_606.jpg,IMG\right_2025_07_28_14_41_51_606.jpg,0.0,1.0,0,30.1902
IMG\center_2025_07_28_14_41_51_700.jpg,IMG\left_2025_07_28_14_41_51_700.jpg,IMG\right_2025_07_28_14_41_51_700.jpg,0.0,1.0,0,30.19018
IMG\center_2025_07_28_14_41_51_795.jpg,IMG\left_2025_07_28_14_41_51_795.jpg,IMG\right_2025_07_28_14_41_51_795.jpg,0.0,1.0,0,30.19064
IMG\center_2025_07_28_14_41_51_891.jpg,IMG\left_2025_07_28_14_41_51_891.jpg,IMG\right_2025_07_28_14_41_51_891.jpg,0.0,1.0,0,30.19011
IMG\center_2025_07_28_14_41_51_985.jpg,IMG\left_2025_07_28_14_41_51_985.jpg,IMG\right_2025_07_28_14_41_51_985.jpg,0.15,1.0,0,30.1846
IMG\center_2025_07_28_14_41_52_082.jpg,IMG\left_2025_07_28_14_41_52_082.jpg,IMG\right_2025_07_28_14_41_52_082.jpg,0.4,1.0,0,30.15871
IMG\center_2025_07_28_14_41_52_179.jpg,IMG\left_2025_07_28_14_41_52_179.jpg,IMG\right_2025_07_28_14_41_52_179.jpg,0.0,1.0,0,30.18904
IMG\center_2025_07_28_14_41_52_274.jpg,IMG\left_2025_07_28_14_41_52_274.jpg,IMG\right_2025_07_28_14_41_52_274.jpg,0.0,1.0,0,30.19118
IMG\center_2025_07_28_14_41_52_372.jpg,IMG\left_2025_07_28_14_41_52_372.jpg,IMG\right_2025_07_28_14_41_52_372.jpg,0.0,1.0,0,30.1905
IMG\center_2025_07_28_14_41_52_474.jpg,IMG\left_2025_07_28_14_41_52_474.jpg,IMG\right_2025_07_28_14_41_52_474.jpg,0.0,1.0,0,30.19083
IMG\center_2025_07_28_14_41_52_572.jpg,IMG\left_2025_07_28_14_41_52_572.jpg,IMG\right_2025_07_28_14_41_52_572.jpg,0.0,1.0,0,30.19073
IMG\center_2025_07_28_14_41_52_670.jpg,IMG\left_2025_07_28_14_41_52_670.jpg,IMG\right_2025_07_28_14_41_52_670.jpg,0.0,1.0,0,30.19069
IMG\center_2025_07_28_14_41_52_769.jpg,IMG\left_2025_07_28_14_41_52_769.jpg,IMG\right_2025_07_28_14_41_52_769.jpg,0.0,1.0,0,30.19068
IMG\center_2025_07_28_14_41_52_870.jpg,IMG\left_2025_07_28_14_41_52_870.jpg,IMG\right_2025_07_28_14_41_52_870.jpg,0.0,1.0,0,30.19071
IMG\center_2025_07_28_14_41_52_968.jpg,IMG\left_2025_07_28_14_41_52_968.jpg,IMG\right_2025_07_28_14_41_52_968.jpg,0.0,1.0,0,30.19071
IMG\center_2025_07_28_14_41_53_068.jpg,IMG\left_2025_07_28_14_41_53_068.jpg,IMG\right_2025_07_28_14_41_53_068.jpg,0.0,1.0,0,30.19065
IMG\center_2025_07_28_14_41_53_169.jpg,IMG\left_2025_07_28_14_41_53_169.jpg,IMG\right_2025_07_28_14_41_53_169.jpg,0.0,1.0,0,30.19076
IMG\center_2025_07_28_14_41_53_272.jpg,IMG\left_2025_07_28_14_41_53_272.jpg,IMG\right_2025_07_28_14_41_53_272.jpg,-0.25,1.0,0,30.17477
IMG\center_2025_07_28_14_41_53_371.jpg,IMG\left_2025_07_28_14_41_53_371.jpg,IMG\right_2025_07_28_14_41_53_371.jpg,-0.5000001,1.0,0,30.14487
IMG\center_2025_07_28_14_41_53_474.jpg,IMG\left_2025_07_28_14_41_53_474.jpg,IMG\right_2025_07_28_14_41_53_474.jpg,0.0,1.0,0,30.18831
IMG\center_2025_07_28_14_41_53_572.jpg,IMG\left_2025_07_28_14_41_53_572.jpg,IMG\right_2025_07_28_14_41_53_572.jpg,0.0,1.0,0,30.19009
IMG\center_2025_07_28_14_41_53_670.jpg,IMG\left_2025_07_28_14_41_53_670.jpg,IMG\right_2025_07_28_14_41_53_670.jpg,0.0,1.0,0,30.19034
IMG\center_2025_07_28_14_41_53_769.jpg,IMG\left_2025_07_28_14_41_53_769.jpg,IMG\right_2025_07_28_14_41_53_769.jpg,0.0,1.0,0,30.1902
IMG\center_2025_07_28_14_41_53_864.jpg,IMG\left_2025_07_28_14_41_53_864.jpg,IMG\right_2025_07_28_14_41_53_864.jpg,0.0,1.0,0,30.19033
IMG\center_2025_07_28_14_41_53_963.jpg,IMG\left_2025_07_28_14_41_53_963.jpg,IMG\right_2025_07_28_14_41_53_963.jpg,0.0,1.0,0,30.1903
IMG\center_2025_07_28_14_41_54_061.jpg,IMG\left_2025_07_28_14_41_54_061.jpg,IMG\right_2025_07_28_14_41_54_061.jpg,0.0,1.0,0,30.19027
IMG\center_2025_07_28_14_41_54_161.jpg,IMG\left_2025_07_28_14_41_54_161.jpg,IMG\right_2025_07_28_14_41_54_161.jpg,0.0,1.0,0,30.19032
IMG\center_2025_07_28_14_41_54_259.jpg,IMG\left_2025_07_28_14_41_54_259.jpg,IMG\right_2025_07_28_14_41_54_259.jpg,0.0,1.0,0,30.19031
IMG\center_2025_07_28_14_41_54_357.jpg,IMG\left_2025_07_28_14_41_54_357.jpg,IMG\right_2025_07_28_14_41_54_357.jpg,0.0,1.0,0,30.19031
IMG\center_2025_07_28_14_41_54_454.jpg,IMG\left_2025_07_28_14_41_54_454.jpg,IMG\right_2025_07_28_14_41_54_454.jpg,0.0,1.0,0,30.1903
IMG\center_2025_07_28_14_41_54_552.jpg,IMG\left_2025_07_28_14_41_54_552.jpg,IMG\right_2025_07_28_14_41_54_552.jpg,0.0,1.0,0,30.1903
IMG\center_2025_07_28_14_41_54_652.jpg,IMG\left_2025_07_28_14_41_54_652.jpg,IMG\right_2025_07_28_14_41_54_652.jpg,0.0,1.0,0,30.19035
IMG\center_2025_07_28_14_41_54_749.jpg,IMG\left_2025_07_28_14_41_54_749.jpg,IMG\right_2025_07_28_14_41_54_749.jpg,0.0,1.0,0,30.19064
IMG\center_2025_07_28_14_41_54_849.jpg,IMG\left_2025_07_28_14_41_54_849.jpg,IMG\right_2025_07_28_14_41_54_849.jpg,0.0,1.0,0,30.19027
IMG\center_2025_07_28_14_41_54_946.jpg,IMG\left_2025_07_28_14_41_54_946.jpg,IMG\right_2025_07_28_14_41_54_946.jpg,0.0,1.0,0,30.19016
IMG\center_2025_07_28_14_41_55_048.jpg,IMG\left_2025_07_28_14_41_55_048.jpg,IMG\right_2025_07_28_14_41_55_048.jpg,0.0,1.0,0,30.1903
IMG\center_2025_07_28_14_41_55_149.jpg,IMG\left_2025_07_28_14_41_55_149.jpg,IMG\right_2025_07_28_14_41_55_149.jpg,-0.25,1.0,0,30.17472
IMG\center_2025_07_28_14_41_55_250.jpg,IMG\left_2025_07_28_14_41_55_250.jpg,IMG\right_2025_07_28_14_41_55_250.jpg,-0.5000001,1.0,0,30.14538
IMG\center_2025_07_28_14_41_55_350.jpg,IMG\left_2025_07_28_14_41_55_350.jpg,IMG\right_2025_07_28_14_41_55_350.jpg,0.0,1.0,0,30.18824
IMG\center_2025_07_28_14_41_55_445.jpg,IMG\left_2025_07_28_14_41_55_445.jpg,IMG\right_2025_07_28_14_41_55_445.jpg,0.0,1.0,0,30.19003
IMG\center_2025_07_28_14_41_55_540.jpg,IMG\left_2025_07_28_14_41_55_540.jpg,IMG\right_2025_07_28_14_41_55_540.jpg,0.0,1.0,0,30.19026
IMG\center_2025_07_28_14_41_55_633.jpg,IMG\left_2025_07_28_14_41_55_633.jpg,IMG\right_2025_07_28_14_41_55_633.jpg,0.0,1.0,0,30.19027
IMG\center_2025_07_28_14_41_55_727.jpg,IMG\left_2025_07_28_14_41_55_727.jpg,IMG\right_2025_07_28_14_41_55_727.jpg,0.0,1.0,0,30.19036
IMG\center_2025_07_28_14_41_55_822.jpg,IMG\left_2025_07_28_14_41_55_822.jpg,IMG\right_2025_07_28_14_41_55_822.jpg,0.0,1.0,0,30.19031
IMG\center_2025_07_28_14_41_55_917.jpg,IMG\left_2025_07_28_14_41_55_917.jpg,IMG\right_2025_07_28_14_41_55_917.jpg,0.0,1.0,0,30.19004
IMG\center_2025_07_28_14_41_56_010.jpg,IMG\left_2025_07_28_14_41_56_010.jpg,IMG\right_2025_07_28_14_41_56_010.jpg,0.0,1.0,0,30.19032
IMG\center_2025_07_28_14_41_56_107.jpg,IMG\left_2025_07_28_14_41_56_107.jpg,IMG\right_2025_07_28_14_41_56_107.jpg,0.0,1.0,0,30.19016
IMG\center_2025_07_28_14_41_56_202.jpg,IMG\left_2025_07_28_14_41_56_202.jpg,IMG\right_2025_07_28_14_41_56_202.jpg,0.0,1.0,0,30.19025
IMG\center_2025_07_28_14_41_56_296.jpg,IMG\left_2025_07_28_14_41_56_296.jpg,IMG\right_2025_07_28_14_41_56_296.jpg,0.0,1.0,0,30.19029
IMG\center_2025_07_28_14_41_56_395.jpg,IMG\left_2025_07_28_14_41_56_395.jpg,IMG\right_2025_07_28_14_41_56_395.jpg,0.0,1.0,0,30.19029
IMG\center_2025_07_28_14_41_56_492.jpg,IMG\left_2025_07_28_14_41_56_492.jpg,IMG\right_2025_07_28_14_41_56_492.jpg,0.0,1.0,0,30.19029
IMG\center_2025_07_28_14_41_56_588.jpg,IMG\left_2025_07_28_14_41_56_588.jpg,IMG\right_2025_07_28_14_41_56_588.jpg,0.0,1.0,0,30.19032
IMG\center_2025_07_28_14_41_56_685.jpg,IMG\left_2025_07_28_14_41_56_685.jpg,IMG\right_2025_07_28_14_41_56_685.jpg,-0.25,1.0,0,30.17472
IMG\center_2025_07_28_14_41_56_782.jpg,IMG\left_2025_07_28_14_41_56_782.jpg,IMG\right_2025_07_28_14_41_56_782.jpg,-0.5000001,1.0,0,30.14575
IMG\center_2025_07_28_14_41_56_878.jpg,IMG\left_2025_07_28_14_41_56_878.jpg,IMG\right_2025_07_28_14_41_56_878.jpg,0.0,1.0,0,30.18733
IMG\center_2025_07_28_14_41_56_974.jpg,IMG\left_2025_07_28_14_41_56_974.jpg,IMG\right_2025_07_28_14_41_56_974.jpg,0.0,1.0,0,30.18971
IMG\center_2025_07_28_14_41_57_071.jpg,IMG\left_2025_07_28_14_41_57_071.jpg,IMG\right_2025_07_28_14_41_57_071.jpg,0.0,1.0,0,30.19038
IMG\center_2025_07_28_14_41_57_165.jpg,IMG\left_2025_07_28_14_41_57_165.jpg,IMG\right_2025_07_28_14_41_57_165.jpg,0.0,1.0,0,30.19022
IMG\center_2025_07_28_14_41_57_256.jpg,IMG\left_2025_07_28_14_41_57_256.jpg,IMG\right_2025_07_28_14_41_57_256.jpg,0.0,1.0,0,30.19032
IMG\center_2025_07_28_14_41_57_349.jpg,IMG\left_2025_07_28_14_41_57_349.jpg,IMG\right_2025_07_28_14_41_57_349.jpg,0.0,1.0,0,30.19023
IMG\center_2025_07_28_14_41_57_440.jpg,IMG\left_2025_07_28_14_41_57_440.jpg,IMG\right_2025_07_28_14_41_57_440.jpg,0.0,1.0,0,30.19022
IMG\center_2025_07_28_14_41_57_532.jpg,IMG\left_2025_07_28_14_41_57_532.jpg,IMG\right_2025_07_28_14_41_57_532.jpg,0.0,1.0,0,30.19016
IMG\center_2025_07_28_14_41_57_623.jpg,IMG\left_2025_07_28_14_41_57_623.jpg,IMG\right_2025_07_28_14_41_57_623.jpg,0.0,1.0,0,30.19023
IMG\center_2025_07_28_14_41_57_713.jpg,IMG\left_2025_07_28_14_41_57_713.jpg,IMG\right_2025_07_28_14_41_57_713.jpg,0.0,1.0,0,30.1902
IMG\center_2025_07_28_14_41_57_807.jpg,IMG\left_2025_07_28_14_41_57_807.jpg,IMG\right_2025_07_28_14_41_57_807.jpg,-0.1,1.0,0,30.18774
IMG\center_2025_07_28_14_41_57_897.jpg,IMG\left_2025_07_28_14_41_57_897.jpg,IMG\right_2025_07_28_14_41_57_897.jpg,-0.3,1.0,0,30.16963
IMG\center_2025_07_28_14_41_57_993.jpg,IMG\left_2025_07_28_14_41_57_993.jpg,IMG\right_2025_07_28_14_41_57_993.jpg,-0.5500001,1.0,0,30.14011
IMG\center_2025_07_28_14_41_58_090.jpg,IMG\left_2025_07_28_14_41_58_090.jpg,IMG\right_2025_07_28_14_41_58_090.jpg,0.0,0.8522728,0,30.13891
IMG\center_2025_07_28_14_41_58_181.jpg,IMG\left_2025_07_28_14_41_58_181.jpg,IMG\right_2025_07_28_14_41_58_181.jpg,0.0,0.580756,0,30.09034
IMG\center_2025_07_28_14_41_58_268.jpg,IMG\left_2025_07_28_14_41_58_268.jpg,IMG\right_2025_07_28_14_41_58_268.jpg,0.0,0.3150196,0,30.00276
IMG\center_2025_07_28_14_41_58_363.jpg,IMG\left_2025_07_28_14_41_58_363.jpg,IMG\right_2025_07_28_14_41_58_363.jpg,0.0,0.03102401,0,29.84029
IMG\center_2025_07_28_14_41_58_455.jpg,IMG\left_2025_07_28_14_41_58_455.jpg,IMG\right_2025_07_28_14_41_58_455.jpg,0.0,0.0,0,29.60441
IMG\center_2025_07_28_14_41_58_544.jpg,IMG\left_2025_07_28_14_41_58_544.jpg,IMG\right_2025_07_28_14_41_58_544.jpg,0.0,0.0,0,29.3072
IMG\center_2025_07_28_14_41_58_802.jpg,IMG\left_2025_07_28_14_41_58_802.jpg,IMG\right_2025_07_28_14_41_58_802.jpg,0.0,0.0,0,29.07153
